{"initial_reset_timestamp": 1522533530.6120443, "episode_rewards": [86.80312100286383, -10.941461217111383, -14.134715221374147, 93.52755230779897, -13.75384103525291, -13.251483019421112, -14.723157729981803, 92.62536375108562, -13.221795241265946, -13.584846311428805, -12.033033103252672, -13.188942932755872, -11.722152338612487, -11.786334358471809, 91.94720473816001, -13.63938510420491, 88.07001181614419, -12.597970626328562, 86.38777237588914, -13.369754694475363, 87.07789895871896, -16.359872965570347, -12.428731214265687, 91.09996633061309, -16.647603874412287, -13.514051154396608, -15.45118518435547, -15.728733190638486, -12.914635541937923, -16.46750570435494, 86.21661791777727, -15.655172656170881, 82.35936649158998, 87.97632653365756, -17.504410096083756, -16.59062501556115, -18.03087905805899, -25.316143808065725, 87.3430261804249, 96.94068978293998, 95.89205603890117, 94.39398972085134, 95.44667955926604, 94.90789627939087, 97.09783746205416, 95.79521211229121, 93.37946404171875, 96.3053368352886, 96.62563198655488, 96.11434974652907, 95.58954927299196, 95.39425245831437, 96.47412560315058, 95.2659600062204, 95.33783215604456, 95.21592563803222, 94.77902147799959, 95.26319056325117, 94.71095593577832, 93.52572817170812, 96.04581293696674, 94.33416374103854, 95.39195723672539, 95.47284286323921, 95.00247851809236, 94.20947761033649, 94.3289165778811, 95.25423929147584, 94.32878720572076, 95.21831105892687, 96.25737208321652, 94.33726273491858, 95.24571890661014, 93.98670077865376, 93.67500707620954, 94.16921001491548, 90.83132588787831, 95.28724300516427, 93.16011462849949, 94.46428426615238, 92.73075134428218, 95.32756838044556, 94.59444596561916, 94.45279170249526, 93.8140931032677, 90.9483730545366, 93.69528201266819, 94.78705017528276, 93.95003904411998, 91.6457301498383, 94.15298846522649, 92.720916340299, 93.06746159367299, 90.38563226637321, 94.17152679372423, 93.75701461410824, 93.85848251847827, 93.13576601217996, 93.67008208828291, 93.7143621842343, 93.59691252932578, 89.33678327381597, 92.19207449569579, 92.9001265708123, 93.50686904266007, 93.62212078048783, 91.71156444549094, 91.67032402830665, 93.55608402997677, 91.58518680906931, 93.28275095579663, 93.62993836243368, 93.48736975270911, 90.33576740784858, 93.59269075805327, 93.58596230181399, 91.37723347924313, 93.5555547261139, 93.45841450777762, 93.70745608089042, 93.61933139958857, 93.55371649434973, 93.57113589030044, 91.10340668393363, 93.56503308105658, 93.68318777783142, 93.70287520072333, 93.70405260050134, 93.59726143149526, 93.54691491091491, 93.67291596078822, 93.67800467820183, 93.58705614247592, 93.61647835490821, 93.61737056837416, 93.6021761263565, 93.5879698826609, 93.64104117443242, 93.66399461476806, 93.62458104811675, 93.61705815420565, 93.57820915845352, 93.61053853577361, 93.57093982287144, 93.58460109411902, 93.60865294883918, 93.58907021648552, 93.62533397350069, 93.58352717974601, 93.60469595861397, 93.57087589785499, 93.57016009767744, 93.56570737138354, 93.58874206691195, 93.61159476755664, 93.58323074717794, 93.59595284716971, 93.56687289483197, 93.57621756548868, 93.5301337442684, 93.46991812796571, 93.4765972130706, 93.46078451302216, 93.39819341714635, 93.39049269525913, 93.32723857340811, 93.3158609403357, 93.27666214313776, 93.34407229846497, 93.27430413511101, 93.34487586151417, 93.39685690053166, 93.2886061369839, 93.41643152224007, 93.27462686269382, 93.34854213485565, 93.33551186568361, 93.3933554519499, 93.41574559029101, 93.40153653418521, 93.36835363585843, 93.49793885680002, 93.57437458582282, 93.53534478494784, 91.26041298767268, 90.11621736592164, 90.45197371660424, 90.60560293259945, 90.33028907290932, 90.22200715665238, 90.24496260844282, 90.46611787119203, 90.60841493117901, 90.0387023151376, 90.04215502518068, 90.10945398345665, 90.22681369723948, 90.3425278162492, 90.55645306680084, 90.13220681674409], "episode_types": ["t", "t", "t", "t", "t", "t", "t", "t", "t", "t", "t", "t", "t", "t", "t", "t", "t", "t", "t", "t", "t", "t", "t", "t", "t", "t", "t", "t", "t", "t", "t", "t", "t", "t", "t", "t", "t", "t", "t", "t", "t", "t", "t", "t", "t", "t", "t", "t", "t", "t", "t", "t", "t", "t", "t", "t", "t", "t", "t", "t", "t", "t", "t", "t", "t", "t", "t", "t", "t", "t", "t", "t", "t", "t", "t", "t", "t", "t", "t", "t", "t", "t", "t", "t", "t", "t", "t", "t", "t", "t", "t", "t", "t", "t", "t", "t", "t", "t", "t", "t", "t", "t", "t", "t", "t", "t", "t", "t", "t", "t", "t", "t", "t", "t", "t", "t", "t", "t", "t", "t", "t", "t", "t", "t", "t", "t", "t", "t", "t", "t", "t", "t", "t", "t", "t", "t", "t", "t", "t", "t", "t", "t", "t", "t", "t", "t", "t", "t", "t", "t", "t", "t", "t", "t", "t", "t", "t", "t", "t", "t", "t", "t", "t", "t", "t", "t", "t", "t", "t", "t", "t", "t", "t", "t", "t", "t", "t", "t", "t", "t", "t", "t", "t", "t", "t", "t", "t", "t", "t", "t", "t", "t", "t", "t", "t", "t", "t", "t", "t", "t", "t"],